"","construct","radius.mean","radius.median","radius.getmode","radius.getquant","radius.max","radius.min","radius.st.err","radius.length"
"1","41-02",0.772786458333333,0.822916666666667,0.833333333333333,0.958333333333333,1,0.208333333333333,0.0335113611458839,32
"2","41-04",0.773726851851852,0.854166666666667,0.791666666666667,0.979166666666667,1.08333333333333,0.25,0.0377011139441116,36
"3","41-07",0.622967479674797,0.625,0.708333333333333,0.791666666666667,0.833333333333333,0.25,0.0239512060586454,41
"4","41-20",0.542824074074074,0.604166666666667,0.729166666666667,0.75625,0.791666666666667,0.104166666666667,0.0494349030087013,18
"5","41-36",0.710227272727273,0.708333333333333,0.666666666666667,0.916666666666667,1,0.270833333333333,0.0546492593900637,11
"6","41-69",0.834558823529412,0.916666666666667,0.9375,0.958333333333333,0.958333333333333,0.25,0.0455270020188239,17
