"","construct","radius.mean","radius.median","radius.getmode","radius.getquant","radius.max","radius.min","radius.st.err","radius.length"
"1","4-1",0.595185185185185,0.611111111111111,0.666666666666667,0.738888888888889,0.777777777777778,0.25,0.0136915239545702,75
"2","4-20",0.775925925925926,0.805555555555556,0.888888888888889,0.944444444444444,1,0.333333333333333,0.0157697830045386,90
"3","4-65",0.871863799283154,0.916666666666667,0.916666666666667,0.972222222222222,1.05555555555556,0.388888888888889,0.0234953914321464,31
"4","4-7",0.808547008547009,0.833333333333333,0.833333333333333,0.972222222222222,1,0.277777777777778,0.0199056553719388,65
"5","4-88",0.653235653235653,0.694444444444444,0.722222222222222,0.75,0.833333333333333,0.25,0.0122343232401584,91
