"","construct","radius.mean","radius.median","radius.getmode","radius.getquant","radius.max","radius.min","radius.st.err","radius.length"
"1","123-152",0.52803738317757,0.576923076923077,0.673076923076923,0.692307692307692,0.923076923076923,0.134615384615385,0.0165226988970923,107
"2","123-164",0.56315289648623,0.596153846153846,0.653846153846154,0.673076923076923,0.961538461538462,0.0769230769230769,0.0169775498424209,81
