"","plq","radius.mean","radius.median","radius.getmode","radius.getquant","radius.max","radius.min","radius.st.err","radius.length"
"1","3-1",0.871936758893281,0.956521739130435,0.978260869565217,1.04347826086957,1.10869565217391,0.108695652173913,0.0303461532735253,55
"2","3-2",0.595529699938763,0.652173913043478,0.717391304347826,0.782608695652174,0.847826086956522,0.152173913043478,0.0227332778495294,71
"3","3-6",0.609903381642512,0.641304347826087,0.608695652173913,0.797826086956522,0.934782608695652,0.152173913043478,0.0260031205024293,54
"4","3-63",0.767616191904048,0.91304347826087,0.934782608695652,1.04782608695652,1.1304347826087,0.108695652173913,0.0540859340875804,29
