"","construct","radius.mean","radius.median","radius.getmode","radius.getquant","radius.max","radius.min","radius.st.err","radius.length"
"1","G119-176",0.622514619883041,0.657894736842105,0.631578947368421,0.842105263157895,0.921052631578947,0.157894736842105,0.0208129180314954,90
