"","construct","radius.mean","radius.median","radius.getmode","radius.getquant","radius.max","radius.min","radius.st.err","radius.length"
"1","G8-104_CTG_L",0.561771561771562,0.586538461538461,0.673076923076923,0.75,0.826923076923077,0.115384615384615,0.0206091759462511,66
"2","G8-11_AGT_S",0.916208791208791,0.980769230769231,0.980769230769231,1.08846153846154,1.19230769230769,0.269230769230769,0.0350994715192258,28
"3","G8-19_GCG_A",0.46824686940966,0.519230769230769,0.634615384615385,0.634615384615385,0.711538461538462,0.0961538461538462,0.0256134615312681,43
"4","G8-22_ACG_T",0.661896243291592,0.711538461538462,0.865384615384615,0.9,0.942307692307692,0.134615384615385,0.034177890002889,43
"5","G8-35_ACC_T",0.926195426195426,0.980769230769231,0.980769230769231,1.16153846153846,1.19230769230769,0.326923076923077,0.0360739146037802,37
"6","G8-37_CGG_R",0.603988603988604,0.711538461538462,0.788461538461538,0.873076923076923,0.961538461538462,0.153846153846154,0.0488218559903449,27
"7","G8-41_CCA_P",0.834319526627219,0.846153846153846,1.07692307692308,1.07692307692308,1.11538461538462,0.326923076923077,0.0326703581689702,39
"8","G8-49_CGT_R",0.805769230769231,0.884615384615385,0.942307692307692,0.982692307692308,1.11538461538462,0.346153846153846,0.0372413659280899,30
"9","G8-78_CGA_R",0.698557692307692,0.769230769230769,0.769230769230769,0.85,0.884615384615385,0.326923076923077,0.0266806098926196,40
