"","construct","radius.mean","radius.median","radius.getmode","radius.getquant","radius.max","radius.min","radius.st.err","radius.length"
"1","G4new-16",0.693984962406015,0.742857142857143,0.8,0.865714285714286,0.914285714285714,0.142857142857143,0.0309309760921343,38
"2","G4new-17",0.764648910411622,0.8,0.714285714285714,0.914285714285714,1.08571428571429,0.171428571428571,0.0216820221352956,59
"3","G4new-31",0.536507936507936,0.571428571428571,0.628571428571429,0.657142857142857,0.714285714285714,0.171428571428571,0.0184514693563711,45
"4","G4new-38",0.764285714285714,0.814285714285714,0.914285714285714,0.931428571428571,1,0.257142857142857,0.0346087390728671,28
"5","G4new-5",0.779802955665025,0.828571428571429,0.828571428571429,1.06571428571429,1.54285714285714,0.142857142857143,0.0388610813880477,58
"6","G4new-61",0.715830115830116,0.771428571428571,0.857142857142857,0.877142857142857,1,0.142857142857143,0.0201760447656005,74
"7","G4new-64",0.631055900621118,0.657142857142857,0.714285714285714,0.8,0.885714285714286,0.2,0.02415608789594,46
"8","G4new-67",0.794957983193277,0.828571428571429,1,1,1.05714285714286,0.314285714285714,0.026703126923656,51
