"","construct","radius.mean","radius.median","radius.getmode","radius.getquant","radius.max","radius.min","radius.st.err","radius.length"
"1","72-1",0.643518518518518,0.666666666666667,0.722222222222222,0.75,0.888888888888889,0.25,0.0152883554472212,60
"2","72-11",0.36437908496732,0.361111111111111,0.361111111111111,0.416666666666667,0.472222222222222,0.25,0.00899030347675223,34
"3","72-12",0.835249042145594,0.888888888888889,0.972222222222222,1,1.05555555555556,0.305555555555556,0.0226893300454334,58
"4","72-16",0.848611111111111,0.888888888888889,0.888888888888889,0.972222222222222,1.02777777777778,0.527777777777778,0.0200641480752786,40
"5","72-20",0.593869731800766,0.611111111111111,0.611111111111111,0.675,0.777777777777778,0.361111111111111,0.0112850948282992,58
"6","72-3",0.344444444444444,0.361111111111111,0.361111111111111,0.391666666666667,0.416666666666667,0.25,0.0112923810042851,20
"7","72-9",0.860119047619048,0.888888888888889,0.944444444444444,0.972222222222222,1.22222222222222,0.333333333333333,0.018687121140773,56
