"","construct","radius.mean","radius.median","radius.getmode","radius.getquant","radius.max","radius.min","radius.st.err","radius.length"
"1","G129_N-2",0.0988947062245492,0.087260034904014,0.087260034904014,0.139616055846422,0.174520069808028,0.0698080279232112,0.0160372876696803,6
