"","construct","radius.mean","radius.median","radius.getmode","radius.getquant","radius.max","radius.min","radius.st.err","radius.length"
"1","G148_K-1",0.087260034904014,0.087260034904014,0.0698080279232112,0.111692844677138,0.139616055846422,0.0698080279232112,0.00496331988651414,17
