"","construct","radius.mean","radius.median","radius.getmode","radius.getquant","radius.max","radius.min","radius.st.err","radius.length"
"1","123-114",0.778225806451613,0.819444444444444,0.861111111111111,0.888888888888889,1.02777777777778,0.25,0.0182079588964157,62
"2","123-122",0.79224537037037,0.833333333333333,0.833333333333333,0.961111111111111,1.02777777777778,0.277777777777778,0.0241554322406468,48
"3","123-135",0.717078189300412,0.708333333333333,0.694444444444444,0.944444444444444,1.25,0.305555555555556,0.0272394659497808,54
