"","construct","radius.mean","radius.median","radius.getmode","radius.getquant","radius.max","radius.min","radius.st.err","radius.length"
"1","4-120",0.310952380952381,0.321428571428571,0.321428571428571,0.375,0.839285714285714,0.107142857142857,0.0107736095390187,75
"2","4-123",0.809920634920635,0.875,0.892857142857143,0.982142857142857,1.03571428571429,0.267857142857143,0.0274194837321495,45
