"","plq","radius.mean","radius.median","radius.getmode","radius.getquant","radius.max","radius.min","radius.st.err","radius.length"
"1","G88S-1",0.644993894993895,0.694444444444444,0.777777777777778,0.861111111111111,0.916666666666667,0.166666666666667,0.0201826655357901,91
"2","G88_K-4",0.322930038510911,0.328947368421053,0.394736842105263,0.427631578947368,0.476973684210526,0.0986842105263158,0.0144822073635572,41
"3","G88_M-2",0.81125533428165,0.855263157894737,0.888157894736842,0.944078947368421,1.01973684210526,0.230263157894737,0.0258571915384373,37
"4","G88_N-1",0.169745612214304,0.171821305841924,0.206185567010309,0.257731958762887,0.309278350515464,0.0687285223367698,0.00509343017759052,149
"5","G88P-1",0.589630446773304,0.621621621621622,0.72972972972973,0.72972972972973,0.837837837837838,0.216216216216216,0.0212891779905629,49
"6","G88_Q-1",0.284029649595687,0.283018867924528,0.207547169811321,0.415094339622642,0.528301886792453,0.0754716981132075,0.0153962369467477,56
