"","plq","radius.mean","radius.median","radius.getmode","radius.getquant","radius.max","radius.min","radius.st.err","radius.length"
"1","G125new-8",0.471532091097308,0.5,0.523809523809524,0.595238095238095,0.642857142857143,0.214285714285714,0.0152144176597536,46
"2","G125new-1",0.812453942520265,0.879237288135593,0.953389830508474,1.00635593220339,1.1864406779661,0.254237288135593,0.0313223973666423,46
