"","construct","radius.mean","radius.median","radius.getmode","radius.getquant","radius.max","radius.min","radius.st.err","radius.length"
"1","G15-26i3_TGC_C",0.147849462365591,0.10752688172043,0.0806451612903226,0.158602150537634,1.04838709677419,0.0806451612903226,0.0432425068182797,22
"2","G15-22i4_AGT_S",0.845612637727333,0.887096774193548,0.913978494623656,1.02150537634409,1.20967741935484,0.349462365591398,0.0199754107898319,81
"3","G15-24i1_GCT_A",0.67601683029453,0.698924731182796,0.725806451612903,0.860215053763441,1.0752688172043,0.32258064516129,0.0143127149078455,115
"4","G15-25i10_ACG_T",0.638346206269877,0.672043010752688,0.698924731182796,0.779569892473118,0.860215053763441,0.295698924731183,0.0157654135480203,71
"5","G15-25i7_TGT_C",0.839093701996928,0.860215053763441,0.913978494623656,0.994623655913978,1.0752688172043,0.349462365591398,0.0166088176747591,70
