"","construct","radius.mean","radius.median","radius.getmode","radius.getquant","radius.max","radius.min","radius.st.err","radius.length"
"1","117-227",0.857905982905983,0.884615384615385,0.884615384615385,0.986538461538461,1.01923076923077,0.673076923076923,0.0260682215294317,18
