"","construct","radius.mean","radius.median","radius.getmode","radius.getquant","radius.max","radius.min","radius.st.err","radius.length"
"1","G8-116_CAA_Q",0.755408653846154,0.75,0.75,1.025,1.25,0.3125,0.0252649217710783,52
"2","G8-12_TCC_S",0.822115384615385,0.84375,0.875,1,1.25,0.3125,0.021482168559373,65
"3","G8-13_ACA_T",0.890368852459016,0.9375,0.96875,1.0625,1.21875,0.1875,0.022546804390026,61
"4","G8-15_ACT_T",0.790064102564103,0.78125,0.96875,1.0375,1.09375,0.1875,0.0333897322106802,39
"5","G8-16_TCA_S",0.733653846153846,0.75,0.75,0.90625,1.03125,0.34375,0.0182719981456656,65
"6","G8-18_TCT_S",0.85646186440678,0.875,0.875,1.0375,1.375,0.28125,0.0245051505618812,59
"7","G8-23_CCC_P",0.828663793103448,0.875,0.96875,1.00625,1.15625,0.125,0.0399828670894554,29
"8","G8-3_TGC_C",0.835181451612903,0.8125,0.8125,1.09375,1.15625,0.21875,0.0269860855951869,62
"9","G8-42_TTT_F",0.481907894736842,0.46875,0.46875,0.71875,0.75,0.15625,0.0275310077045632,38
"10","G8-44_TGT_C",0.891581632653061,0.9375,0.9375,1.0625,1.15625,0.25,0.0252225894231019,49
"11","G8-48_TTC_F",0.631696428571429,0.625,0.625,0.840625,1.0625,0.1875,0.0370507823900935,28
"12","G8-67_GCT_A",0.559413580246914,0.5625,0.46875,0.71875,1.03125,0.1875,0.0155341197546799,81
"13","G8-73_AGC_S",0.855587121212121,0.875,0.875,1.0625,1.125,0.1875,0.0240245785738978,66
"14","G8-84_TCG_S",0.501875,0.53125,0.625,0.625,0.75,0.1875,0.012600761811586,100
"15","G8-86_CTA_L",0.701822916666667,0.71875,0.6875,0.853125,1.0625,0.34375,0.0196270552159565,48
"16","G8-91_CTT_L",0.783143939393939,0.78125,0.71875,0.9375,1,0.46875,0.0234351085403744,33
"17","G8-95_CTC_L",0.7234375,0.734375,0.8125,0.875,1,0.25,0.0221974291614638,40
