"","construct","radius.mean","radius.median","radius.getmode","radius.getquant","radius.max","radius.min","radius.st.err","radius.length"
"1","G4new-20",0.647567567567568,0.675675675675676,0.756756756756757,0.772972972972973,0.864864864864865,0.297297297297297,0.0276715931673579,25
"2","G4new-22",0.505630630630631,0.540540540540541,0.594594594594595,0.648648648648649,0.702702702702703,0.162162162162162,0.0188715955225333,48
"3","G4new-25",0.691745799853908,0.72972972972973,0.72972972972973,0.837837837837838,0.918918918918919,0.162162162162162,0.0264208347134667,37
"4","G4new-8",0.816743572841134,0.864864864864865,0.864864864864865,0.972972972972973,1.02702702702703,0.405405405405405,0.0202760307157038,41
