"","construct","radius.mean","radius.median","radius.getmode","radius.getquant","radius.max","radius.min","radius.st.err","radius.length"
"1","72-22",0.525094696969697,0.520833333333333,0.520833333333333,0.68125,1.02083333333333,0.208333333333333,0.0248558832906667,44
"2","72-5",0.742283950617284,0.854166666666667,0.979166666666667,1.05625,1.14583333333333,0.166666666666667,0.038168811264985,54
"3","72-76",0.76161858974359,0.8125,0.8125,0.979166666666667,1.10416666666667,0.145833333333333,0.0317792530792085,52
