"","construct","radius.mean","radius.median","radius.getmode","radius.getquant","radius.max","radius.min","radius.st.err","radius.length"
"1","G129Q-1",0.194218608852755,0.146341463414634,0.0975609756097561,0.317073170731707,0.390243902439024,0.0731707317073171,0.020104344405992,27
