"","construct","radius.mean","radius.median","radius.getmode","radius.getquant","radius.max","radius.min","radius.st.err","radius.length"
"1","11-121",0.403363914373089,0.357798165137615,0.128440366972477,0.724770642201835,1.11926605504587,0.073394495412844,0.0335608093547921,60
"2","11-14",0.816964957136411,0.862385321100917,0.954128440366973,0.954128440366973,1.24770642201835,0.275229357798165,0.0231244321750598,61
"3","11-18",0.767478645998102,0.844036697247706,0.899082568807339,1.01651376146789,1.11926605504587,0.238532110091743,0.0438622522639851,29
"4","11-3",0.3815434430653,0.394495412844037,0.311926605504587,0.532110091743119,0.587155963302752,0.146788990825688,0.0231340030204459,34
"5","11-34",0.911104080987029,1.02752293577982,1.08256880733945,1.15963302752294,1.19266055045872,0.256880733944954,0.0534738535101877,29
"6","11-44",0.835299257317606,0.862385321100917,0.862385321100917,0.990825688073395,1.04587155963303,0.477064220183486,0.0331781200241448,21
"7","11-56",0.801741564297932,0.862385321100917,0.752293577981651,1.06788990825688,1.28440366972477,0.165137614678899,0.0326247498138036,59
