"","construct","radius.mean","radius.median","radius.getmode","radius.getquant","radius.max","radius.min","radius.st.err","radius.length"
"1","88-222",0.680660888407367,0.75,0.846153846153846,0.884615384615385,1.01923076923077,0.0576923076923077,0.0277636456487597,71
