"","construct","radius.mean","radius.median","radius.getmode","radius.getquant","radius.max","radius.min","radius.st.err","radius.length"
"1","G4new-35",0.632228719948018,0.684210526315789,0.736842105263158,0.763157894736842,0.947368421052632,0.131578947368421,0.0170682066533949,81
"2","G4new-39",0.612105263157895,0.631578947368421,0.578947368421053,0.763157894736842,0.842105263157895,0.131578947368421,0.019989397381822,50
"3","G4new-42",0.476884779516358,0.526315789473684,0.552631578947368,0.631578947368421,0.710526315789474,0.131578947368421,0.0171784054876645,74
"4","G4new-58",0.739035087719298,0.763157894736842,0.684210526315789,0.902631578947368,1.02631578947368,0.263157894736842,0.0227204439793483,48
"5","G4new-61",0.717939214232765,0.763157894736842,0.815789473684211,0.894736842105263,0.921052631578947,0.184210526315789,0.0193329106052503,71
"6","G4new-64",0.56047032474804,0.605263157894737,0.684210526315789,0.694736842105263,0.789473684210526,0.131578947368421,0.0210841773614364,47
"7","G4new-67",0.74374460742019,0.763157894736842,0.763157894736842,0.921052631578947,0.947368421052632,0.157894736842105,0.0209056347026565,61
"8","G4new-74",0.815252416756176,0.842105263157895,0.921052631578947,0.973684210526316,1.07894736842105,0.210526315789474,0.0248600416939632,49
"9","G4new-94",0.747368421052632,0.789473684210526,0.736842105263158,0.936842105263158,1.05263157894737,0.236842105263158,0.0231036207720795,55
