"","construct","radius.mean","radius.median","radius.getmode","radius.getquant","radius.max","radius.min","radius.st.err","radius.length"
"1","88-211",0.796373779637378,0.794979079497908,0.794979079497908,0.924686192468619,1.04602510460251,0.481171548117155,0.0353895958783345,15
