"","construct","radius.mean","radius.median","radius.getmode","radius.getquant","radius.max","radius.min","radius.st.err","radius.length"
"1","G4S1-1",0.726203807390817,0.842105263157895,0.947368421052632,0.973684210526316,1.23684210526316,0.131578947368421,0.0434331275671648,47
"2","G4S1-2",0.775689223057644,0.934210526315789,0.973684210526316,1.02631578947368,1.18421052631579,0.105263157894737,0.0463436058033226,42
