"","construct","radius.mean","radius.median","radius.getmode","radius.getquant","radius.max","radius.min","radius.st.err","radius.length"
"1","G123-24_GTG_V",0.733486943164363,0.76036866359447,0.898617511520737,0.967741935483871,1.036866359447,0.253456221198157,0.0348523945658837,42
"2","G123-25_GCT_A",0.769709801967867,0.806451612903226,0.645161290322581,0.944700460829493,1.19815668202765,0.43778801843318,0.0285493486632712,37
"3","G123-35_GTC_V",0.751027525221074,0.76036866359447,0.76036866359447,0.91705069124424,1.01382488479263,0.32258064516129,0.0235793940531935,37
"4","G123-36_TGC_C",0.735710243350311,0.783410138248848,0.806451612903226,0.944700460829493,1.036866359447,0.276497695852535,0.02565673115444,57
"5","G123-55_TCT_S",0.722883279455258,0.783410138248848,0.783410138248848,0.898617511520737,1.15207373271889,0.32258064516129,0.0217651353190744,67
"6","G123-56_GCC_A",0.742727534562212,0.771889400921659,0.668202764976959,0.960829493087558,1.08294930875576,0.253456221198157,0.0250234616585026,64
"7","G123-59_GGA_G",0.583717357910906,0.599078341013825,0.276497695852535,0.792626728110599,0.875576036866359,0.276497695852535,0.0387018318158029,24
"8","G123-61_ACC_T",0.748847926267281,0.783410138248848,0.852534562211982,0.914746543778802,1.05990783410138,0.299539170506912,0.0185692225401624,74
"9","G123-65_ATC_I",0.674193548387097,0.737327188940092,0.737327188940092,0.854838709677419,0.921658986175115,0.276497695852535,0.024560217154833,50
