"","construct","radius.mean","radius.median","radius.getmode","radius.getquant","radius.max","radius.min","radius.st.err","radius.length"
"1","41-23",0.708096590909091,0.738636363636364,0.727272727272727,0.954545454545455,1.04545454545455,0.272727272727273,0.0409989717933044,32
"2","41-62",0.824300699300699,0.818181818181818,0.795454545454545,0.943181818181818,1.02272727272727,0.545454545454545,0.0214892783741296,26
