"","construct","radius.mean","radius.median","radius.getmode","radius.getquant","radius.max","radius.min","radius.st.err","radius.length"
"1","G88_Q-1",0.284029649595687,0.283018867924528,0.207547169811321,0.415094339622642,0.528301886792453,0.0754716981132075,0.0153962369467477,56
