"","construct","radius.mean","radius.median","radius.getmode","radius.getquant","radius.max","radius.min","radius.st.err","radius.length"
"1","G74-19_ACA_T",0.68986568986569,0.692307692307692,0.576923076923077,0.876923076923077,0.923076923076923,0.384615384615385,0.0183772754670906,63
"2","G74-23_ACC_T",0.630769230769231,0.673076923076923,0.769230769230769,0.846153846153846,0.923076923076923,0.230769230769231,0.0248890158440376,60
"3","G74-24_ACT_T",0.553613053613054,0.576923076923077,0.5,0.769230769230769,0.846153846153846,0.230769230769231,0.0279553296117798,33
"4","G74-32_TCC_S",0.749607535321821,0.730769230769231,0.615384615384615,1,1.07692307692308,0.384615384615385,0.024524070663076,49
"5","G74-33_TCT_S",0.768772893772894,0.769230769230769,0.730769230769231,0.923076923076923,1.03846153846154,0.384615384615385,0.0145734514679949,84
"6","G74-8_TCG_S",0.811355311355311,0.846153846153846,0.884615384615385,0.992307692307692,1.23076923076923,0.346153846153846,0.022336960256852,63
