"","construct","radius.mean","radius.median","radius.getmode","radius.getquant","radius.max","radius.min","radius.st.err","radius.length"
"1","11-23",0.930808080808081,1.04545454545455,1.04545454545455,1.15909090909091,1.20454545454545,0.227272727272727,0.037864705064991,45
"2","11-26",0.896232057416268,0.931818181818182,1.02272727272727,1.09090909090909,1.29545454545455,0.181818181818182,0.0241250229649028,76
"3","11-31",0.816498316498317,0.886363636363636,0.931818181818182,1.04545454545455,1.22727272727273,0.159090909090909,0.0267121642359684,81
"4","11-4",0.812705366922234,0.840909090909091,0.818181818181818,1.02272727272727,1.18181818181818,0.181818181818182,0.0229716986196535,83
"5","11-5",0.897393048128342,0.931818181818182,0.977272727272727,1.05227272727273,1.25,0.181818181818182,0.0243107700638631,68
"6","11-6",0.939171122994652,0.977272727272727,1,1.13636363636364,1.47727272727273,0.204545454545455,0.0238728806292729,68
