"","construct","radius.mean","radius.median","radius.getmode","radius.getquant","radius.max","radius.min","radius.st.err","radius.length"
"1","125-108",0.6875,0.75,0.833333333333333,0.914583333333333,1.0625,0.145833333333333,0.0361262773774243,42
"2","125-97",0.837239583333333,0.90625,0.958333333333333,0.997916666666667,1.0625,0.229166666666667,0.0342101258956129,32
