"","construct","radius.mean","radius.median","radius.getmode","radius.getquant","radius.max","radius.min","radius.st.err","radius.length"
"1","G88P-1",0.589630446773304,0.621621621621622,0.72972972972973,0.72972972972973,0.837837837837838,0.216216216216216,0.0212891779905629,49
