"","construct","radius.mean","radius.median","radius.getmode","radius.getquant","radius.max","radius.min","radius.st.err","radius.length"
"1","G8-205",0.439912280701754,0.375,0.35,0.76,0.925,0.125,0.0259066460819736,57
"2","G8-224",0.458455882352941,0.4875,0.625,0.65,0.925,0.125,0.0228174266248476,68
"3","G8-82",0.675,0.725,0.825,0.925,1.425,0.15,0.0306542870523083,66
