"","construct","radius.mean","radius.median","radius.getmode","radius.getquant","radius.max","radius.min","radius.st.err","radius.length"
"1","106-26",0.741176470588235,0.794117647058823,0.852941176470588,0.944117647058824,0.970588235294118,0.235294117647059,0.0318589741358273,40
"2","106-34",0.840336134453782,0.911764705882353,0.970588235294118,1,1.05882352941176,0.352941176470588,0.0390234718440598,28
