"","construct","radius.mean","radius.median","radius.getmode","radius.getquant","radius.max","radius.min","radius.st.err","radius.length"
"1","G119-164",0.703413940256046,0.797297297297297,0.891891891891892,0.962162162162162,1.10810810810811,0.216216216216216,0.042293387086175,38
