"","construct","radius.mean","radius.median","radius.getmode","radius.getquant","radius.max","radius.min","radius.st.err","radius.length"
"1","128_13",0.851010101010101,0.886363636363636,0.886363636363636,1,1.06818181818182,0.363636363636364,0.0206784949190713,45
