"","construct","radius.mean","radius.median","radius.getmode","radius.getquant","radius.max","radius.min","radius.st.err","radius.length"
"1","G72-157",0.839323467230444,0.890909090909091,0.872727272727273,1.05454545454545,1.10909090909091,0.290909090909091,0.0343333883758154,43
