"","construct","radius.mean","radius.median","radius.getmode","radius.getquant","radius.max","radius.min","radius.st.err","radius.length"
"1","G80M-1",0.238045738045738,0.243243243243243,0.162162162162162,0.324324324324324,0.351351351351351,0.0810810810810811,0.0104711653354187,52
