"","construct","radius.mean","radius.median","radius.getmode","radius.getquant","radius.max","radius.min","radius.st.err","radius.length"
"1","11-1",0.796594709638188,0.869565217391304,0.869565217391304,0.992094861660079,1.16600790513834,0.296442687747036,0.0335313831686876,39
"2","11-17",0.783926218708827,0.839920948616601,0.810276679841897,1,1.34387351778656,0.237154150197628,0.0339220340018679,48
"3","11-2",0.530418198402388,0.573122529644269,0.671936758893281,0.75098814229249,0.8300395256917,0.118577075098814,0.0160226377724548,143
"4","11-35",0.833046915277539,0.869565217391304,1.02766798418972,1.02766798418972,1.30434782608696,0.296442687747036,0.0312747664368226,46
"5","11-8",0.567143853588866,0.632411067193676,0.75098814229249,0.75098814229249,0.8300395256917,0.118577075098814,0.0174320271229276,119
