"","construct","radius.mean","radius.median","radius.getmode","radius.getquant","radius.max","radius.min","radius.st.err","radius.length"
"1","117-14",0.803221288515406,0.857142857142857,0.904761904761905,0.952380952380952,1,0.238095238095238,0.0297236206279884,34
"2","117-16",0.863095238095238,0.880952380952381,1,1,1.07142857142857,0.452380952380952,0.0302071593651815,24
"3","117-20",0.77906976744186,0.880952380952381,0.952380952380952,0.952380952380952,1.02380952380952,0.166666666666667,0.0350898636660354,43
"4","117-29",0.776190476190476,0.857142857142857,0.833333333333333,0.966666666666667,1,0.166666666666667,0.0342400556435974,45
"5","117-41",0.83695652173913,0.880952380952381,1,1,1.07142857142857,0.261904761904762,0.0265086947249883,46
"6","117-50",0.849025974025974,0.916666666666667,0.976190476190476,0.976190476190476,1.02380952380952,0.238095238095238,0.0280390086638592,44
"7","117-52",0.833959899749373,0.904761904761905,0.952380952380952,0.95952380952381,1.07142857142857,0.214285714285714,0.0315767767559366,38
"8","117-57",0.82962962962963,0.904761904761905,0.904761904761905,1.03809523809524,1.14285714285714,0.238095238095238,0.0360927165267741,45
"9","117-67",0.854112554112554,0.904761904761905,0.904761904761905,0.976190476190476,1.04761904761905,0.285714285714286,0.0223460316696223,55
