"","construct","radius.mean","radius.median","radius.getmode","radius.getquant","radius.max","radius.min","radius.st.err","radius.length"
"1","G4-111",0.406324110671937,0.454545454545455,0.472727272727273,0.509090909090909,0.545454545454545,0.109090909090909,0.0259055748546183,23
"2","G4-116",0.743605546995378,0.781818181818182,0.763636363636364,0.927272727272727,1.05454545454545,0.2,0.0257831151701239,59
"3","G4-119",0.737931034482759,0.872727272727273,0.872727272727273,0.981818181818182,1.12727272727273,0.0909090909090909,0.0539187556623131,29
