"","construct","radius.mean","radius.median","radius.getmode","radius.getquant","radius.max","radius.min","radius.st.err","radius.length"
"1","G80-2",0.644631765749778,0.744897959183674,0.857142857142857,0.948979591836735,1,0.163265306122449,0.0411725365857787,46
"2","G80-39",0.552295918367347,0.663265306122449,0.693877551020408,0.836734693877551,1.10204081632653,0.163265306122449,0.0457620914320961,32
"3","G80-47",0.699291961682632,0.816326530612245,0.897959183673469,0.918367346938776,1.14285714285714,0.183673469387755,0.0352967175509162,49
"4","G80-54",0.565798733286418,0.63265306122449,0.653061224489796,0.738775510204082,0.816326530612245,0.183673469387755,0.0317860243420211,29
"5","G80-67",0.690545605997501,0.816326530612245,0.897959183673469,0.96734693877551,1.06122448979592,0.163265306122449,0.0406046980440464,49
"6","G80-8",0.787644787644788,0.857142857142857,0.979591836734694,0.979591836734694,1,0.183673469387755,0.0353431938062239,37
"7","G80-91",0.646727656579873,0.755102040816326,0.755102040816326,1.02857142857143,1.10204081632653,0.163265306122449,0.0580694334859289,29
