"","construct","radius.mean","radius.median","radius.getmode","radius.getquant","radius.max","radius.min","radius.st.err","radius.length"
"1","106-82",0.798449612403101,0.861111111111111,0.861111111111111,1.07777777777778,1.08333333333333,0.222222222222222,0.0403152632859608,43
