"","plq","radius.mean","radius.median","radius.getmode","radius.getquant","radius.max","radius.min","radius.st.err","radius.length"
"1","G129Q-2",0.213888888888889,0.225,0.275,0.3075,0.325,0.075,0.0196187333592204,18
"2","G129W-1",0.212878787878788,0.2,0.15,0.325,0.375,0.05,0.0139805572226974,33
"3","G129Y-1",0.179362880886427,0.184210526315789,0.236842105263158,0.263157894736842,0.368421052631579,0.0789473684210526,0.0114400552754423,38
"4","G129Y-2",0.195983379501385,0.184210526315789,0.210526315789474,0.315789473684211,0.394736842105263,0.0789473684210526,0.0135251352125585,38
"5","G129_N-2",0.0988947062245492,0.087260034904014,0.087260034904014,0.139616055846422,0.174520069808028,0.0698080279232112,0.0160372876696803,6
"6","G129Q-1",0.194218608852755,0.146341463414634,0.0975609756097561,0.317073170731707,0.390243902439024,0.0731707317073171,0.020104344405992,27
"7","G129D-2",0.694256756756757,0.716216216216216,1,1,1.02702702702703,0.216216216216216,0.0454787632773191,32
