"","construct","radius.mean","radius.median","radius.getmode","radius.getquant","radius.max","radius.min","radius.st.err","radius.length"
"1","G4new-23",0.745073891625616,0.857142857142857,0.928571428571429,0.952380952380952,1.07142857142857,0.119047619047619,0.0346951184379568,58
"2","G4new-55",0.777628032345013,0.833333333333333,0.904761904761905,0.952380952380952,1.04761904761905,0.214285714285714,0.0260136671992969,53
