"","construct","radius.mean","radius.median","radius.getmode","radius.getquant","radius.max","radius.min","radius.st.err","radius.length"
"1","G88_N-1",0.169745612214304,0.171821305841924,0.206185567010309,0.257731958762887,0.309278350515464,0.0687285223367698,0.00509343017759052,149
