"","construct","radius.mean","radius.median","radius.getmode","radius.getquant","radius.max","radius.min","radius.st.err","radius.length"
"1","G119M-1",0.637362637362637,0.675675675675676,0.675675675675676,0.837837837837838,0.918918918918919,0.162162162162162,0.0199224509036339,91
