"","construct","radius.mean","radius.median","radius.getmode","radius.getquant","radius.max","radius.min","radius.st.err","radius.length"
"1","4-146",0.65326278659612,0.666666666666667,0.740740740740741,0.759259259259259,0.851851851851852,0.12962962962963,0.0108938858356568,105
