"","construct","radius.mean","radius.median","radius.getmode","radius.getquant","radius.max","radius.min","radius.st.err","radius.length"
"1","148-11",0.929545454545455,1.01515151515152,1.09090909090909,1.12121212121212,1.18181818181818,0.242424242424242,0.0376861847700354,40
"2","148-111",1.0679970436068,1.09090909090909,1.15151515151515,1.18181818181818,1.24242424242424,0.303030303030303,0.0292266421076401,41
"3","148-2",0.876456876456876,0.939393939393939,0.96969696969697,1.04545454545455,1.12121212121212,0.333333333333333,0.0359307204997626,26
"4","148-25",0.153846153846154,0.151515151515152,0.181818181818182,0.212121212121212,0.272727272727273,0.0606060606060606,0.00664938788995103,52
"5","148-51",1.03212121212121,1.12121212121212,1.15151515151515,1.18181818181818,1.21212121212121,0.212121212121212,0.0306157029087034,50
"6","148-55",0.0833333333333333,0.0909090909090909,0.0909090909090909,0.1,0.121212121212121,0.0606060606060606,0.00757575757575758,8
"7","148-56",0.878169449598021,0.96969696969697,1,1.12121212121212,1.15151515151515,0.242424242424242,0.0368229448137317,49
"8","148-7",0.845117845117845,0.878787878787879,0.939393939393939,1.03030303030303,1.12121212121212,0.272727272727273,0.0329037378547004,36
"9","148-74",0.877810361681329,0.939393939393939,1.06060606060606,1.11818181818182,1.3030303030303,0.303030303030303,0.0320246163718121,62
