"","construct","radius.mean","radius.median","radius.getmode","radius.getquant","radius.max","radius.min","radius.st.err","radius.length"
"1","119-124",0.797508896797153,0.845195729537366,0.925266903914591,0.96085409252669,0.99644128113879,0.302491103202847,0.0255648609930524,50
"2","119-146",0.746144721233689,0.818505338078292,0.854092526690391,0.900355871886121,0.99644128113879,0.106761565836299,0.0313462047009744,45
"3","119-182",0.752669039145907,0.791814946619217,0.907473309608541,0.927046263345196,0.96085409252669,0.391459074733096,0.0380339789737094,20
"4","119-99",0.812748586979276,0.889679715302491,0.889679715302491,0.97864768683274,1.03202846975089,0.124555160142349,0.0387509085037401,34
