"","construct","radius.mean","radius.median","radius.getmode","radius.getquant","radius.max","radius.min","radius.st.err","radius.length"
"1","129-13",0.7983789260385,0.851063829787234,0.914893617021277,0.957446808510638,1.04255319148936,0.212765957446809,0.0300217592123921,42
"2","129-16",0.81196089706728,0.893617021276596,0.957446808510638,0.978723404255319,1.06382978723404,0.297872340425532,0.0331887851717839,37
"3","129-20",0.803191489361702,0.882978723404255,0.936170212765957,0.985106382978723,1.06382978723404,0.191489361702128,0.0453677044057252,28
"4","129-22",0.476670399402762,0.468085106382979,0.531914893617021,0.574468085106383,0.617021276595745,0.191489361702128,0.0103114572533473,57
"5","129-36",0.806830907054871,0.968085106382979,1.08510638297872,1.11276595744681,1.17021276595745,0.191489361702128,0.0528369990794613,38
"6","129-9",0.420492721164614,0.425531914893617,0.425531914893617,0.517021276595745,0.553191489361702,0.191489361702128,0.0130984369398987,38
"7","129-92",0.807497467071935,0.893617021276596,0.872340425531915,0.978723404255319,1.1063829787234,0.212765957446809,0.0285375433860612,63
