"","plq","radius.mean","radius.median","radius.getmode","radius.getquant","radius.max","radius.min","radius.st.err","radius.length"
"1","G148_K-4",0.252688172043011,0.258064516129032,0.290322580645161,0.354838709677419,0.435483870967742,0.0645161290322581,0.0114777669166011,51
"2","G148_K-1",0.087260034904014,0.087260034904014,0.0698080279232112,0.111692844677138,0.139616055846422,0.0698080279232112,0.00496331988651414,17
"3","G148N-1",0.190243902439024,0.195121951219512,0.146341463414634,0.307317073170732,0.317073170731707,0.0731707317073171,0.0199429798205633,15
"4","G148N-3",0.190817790530846,0.195121951219512,0.24390243902439,0.268292682926829,0.341463414634146,0.0731707317073171,0.0176520154940664,17
