"","construct","radius.mean","radius.median","radius.getmode","radius.getquant","radius.max","radius.min","radius.st.err","radius.length"
"1","G129-135",0.616506794564349,0.692446043165468,0.701438848920863,0.760791366906475,0.953237410071942,0.107913669064748,0.049497672441587,18
