"","construct","radius.mean","radius.median","radius.getmode","radius.getquant","radius.max","radius.min","radius.st.err","radius.length"
"1","G8-54_TTG_L",0.665879574970484,0.696969696969697,0.818181818181818,0.848484848484849,0.939393939393939,0.181818181818182,0.0189228600833418,77
"2","G8-66_CGC_R",0.595959595959596,0.606060606060606,0.636363636363636,0.709090909090909,0.818181818181818,0.363636363636364,0.0132976362777426,57
