"","construct","radius.mean","radius.median","radius.getmode","radius.getquant","radius.max","radius.min","radius.st.err","radius.length"
"1","88-130",0.716732542819499,0.757575757575758,0.757575757575758,0.818181818181818,1.03030303030303,0.303030303030303,0.0344302099644529,23
