"","plq","radius.mean","radius.median","radius.getmode","radius.getquant","radius.max","radius.min","radius.st.err","radius.length"
"1","G4S1-1",0.726203807390817,0.842105263157895,0.947368421052632,0.973684210526316,1.23684210526316,0.131578947368421,0.0434331275671648,47
"2","G4S1-2",0.775689223057644,0.934210526315789,0.973684210526316,1.02631578947368,1.18421052631579,0.105263157894737,0.0463436058033226,42
"3","G4S2-3",0.708425720620843,0.768292682926829,0.75609756097561,0.895121951219512,0.902439024390244,0.170731707317073,0.0297975757853434,44
"4","G4S2-7",0.567299006323397,0.658536585365854,0.146341463414634,0.863414634146341,0.878048780487805,0.121951219512195,0.0519208821755643,27
"5","G4S1-3",0.516087516087516,0.540540540540541,0.702702702702703,0.702702702702703,0.783783783783784,0.135135135135135,0.0273516854108482,42
"6","G4S1-4",0.741918388977213,0.810810810810811,0.891891891891892,1,1.13513513513514,0.162162162162162,0.0338018073850327,51
