"","construct","radius.mean","radius.median","radius.getmode","radius.getquant","radius.max","radius.min","radius.st.err","radius.length"
"1","G106-47",0.661764705882353,0.735294117647059,0.558823529411765,0.911764705882353,1,0.147058823529412,0.0432593615647173,32
