"","construct","radius.mean","radius.median","radius.getmode","radius.getquant","radius.max","radius.min","radius.st.err","radius.length"
"1","G119-128",0.688382015096817,0.75812274368231,0.812274368231047,0.897111913357401,1.02888086642599,0.216606498194946,0.0467618282187639,22
"2","G119-132",0.744751972188795,0.794223826714801,0.884476534296029,0.938628158844765,1.01083032490975,0.108303249097473,0.0283630949454321,54
"3","G119-171",0.721601880614558,0.812274368231047,0.848375451263538,0.956678700361011,1.04693140794224,0.0902527075812274,0.0387917897669358,43
"4","G119-180",0.851560840942875,0.902527075812274,1.01083032490975,1.03249097472924,1.11913357400722,0.126353790613718,0.0602306379825345,17
