"","construct","radius.mean","radius.median","radius.getmode","radius.getquant","radius.max","radius.min","radius.st.err","radius.length"
"1","117-212",0.656875,0.75,0.85,0.8525,0.975,0.175,0.0243506450867167,80
"2","117-222",0.674074074074074,0.8,0.8,0.9,0.95,0.125,0.0366471441438574,54
"3","117-44",0.630147058823529,0.75,0.75,0.875,0.9,0.125,0.0432340587573762,34
"4","117-85",0.694852941176471,0.8125,0.825,0.9175,0.975,0.125,0.045445156705735,34
