"","construct","radius.mean","radius.median","radius.getmode","radius.getquant","radius.max","radius.min","radius.st.err","radius.length"
"1","G4S2-3",0.708425720620843,0.768292682926829,0.75609756097561,0.895121951219512,0.902439024390244,0.170731707317073,0.0297975757853434,44
"2","G4S2-7",0.567299006323397,0.658536585365854,0.146341463414634,0.863414634146341,0.878048780487805,0.121951219512195,0.0519208821755643,27
