"","construct","radius.mean","radius.median","radius.getmode","radius.getquant","radius.max","radius.min","radius.st.err","radius.length"
"1","G148_K-4",0.252688172043011,0.258064516129032,0.290322580645161,0.354838709677419,0.435483870967742,0.0645161290322581,0.0114777669166011,51
