"","construct","radius.mean","radius.median","radius.getmode","radius.getquant","radius.max","radius.min","radius.st.err","radius.length"
"1","41-1",0.82025974025974,0.857142857142857,0.914285714285714,0.942857142857143,1.02857142857143,0.342857142857143,0.0176651668503393,55
"2","41-10",0.660048426150121,0.657142857142857,0.657142857142857,0.771428571428571,0.828571428571429,0.257142857142857,0.0134416222983568,59
"3","41-109",0.824675324675325,0.871428571428571,0.885714285714286,0.971428571428571,1.05714285714286,0.371428571428571,0.0237123117278897,44
"4","41-136",0.314285714285714,0.314285714285714,0.285714285714286,0.362857142857143,0.428571428571429,0.257142857142857,0.00623150064538184,44
"5","41-3",0.791836734693877,0.8,0.714285714285714,0.971428571428571,1.02857142857143,0.257142857142857,0.0233879094390083,49
"6","41-33",0.59956043956044,0.628571428571429,0.657142857142857,0.714285714285714,0.742857142857143,0.257142857142857,0.0146985981092911,65
"7","41-57",0.725210084033613,0.757142857142857,0.8,0.828571428571429,0.885714285714286,0.257142857142857,0.016196432340167,68
