"","construct","radius.mean","radius.median","radius.getmode","radius.getquant","radius.max","radius.min","radius.st.err","radius.length"
"1","G128-83",0.654024767801858,0.691176470588235,0.558823529411765,0.911764705882353,0.941176470588235,0.147058823529412,0.0342701826655951,38
