"","construct","radius.mean","radius.median","radius.getmode","radius.getquant","radius.max","radius.min","radius.st.err","radius.length"
"1","G88S-1",0.644993894993895,0.694444444444444,0.777777777777778,0.861111111111111,0.916666666666667,0.166666666666667,0.0201826655357901,91
