"","construct","radius.mean","radius.median","radius.getmode","radius.getquant","radius.max","radius.min","radius.st.err","radius.length"
"1","4-52",0.738782051282051,0.78125,1,1,1.04166666666667,0.145833333333333,0.0303302383857137,52
"2","4-54",0.822368421052632,0.875,0.916666666666667,1.00833333333333,1.08333333333333,0.145833333333333,0.0275406871413641,57
