"","construct","radius.mean","radius.median","radius.getmode","radius.getquant","radius.max","radius.min","radius.st.err","radius.length"
"1","4-161",0.647445746111004,0.669291338582677,0.748031496062992,0.866141732283464,1.10236220472441,0.177165354330709,0.0212855994888777,82
"2","4-165",0.401574803149606,0.374015748031496,0.334645669291339,0.692913385826772,0.748031496062992,0.0984251968503937,0.0444841240332764,25
