"","construct","radius.mean","radius.median","radius.getmode","radius.getquant","radius.max","radius.min","radius.st.err","radius.length"
"1","G88-6",0.744935655421589,0.792838874680307,0.792838874680307,0.89002557544757,1.0997442455243,0.153452685421995,0.0198502793025822,63
