"","construct","radius.mean","radius.median","radius.getmode","radius.getquant","radius.max","radius.min","radius.st.err","radius.length"
"1","11-15",0.798474945533769,0.892156862745098,0.980392156862745,1.05882352941176,1.07843137254902,0.137254901960784,0.0446212985326847,36
"2","11-22",0.546840958605665,0.588235294117647,0.588235294117647,0.666666666666667,0.725490196078431,0.156862745098039,0.0135848692494916,90
"3","11-41",0.722785665990534,0.823529411764706,0.92156862745098,0.968627450980392,1.07843137254902,0.176470588235294,0.0481446509514138,29
