"","construct","radius.mean","radius.median","radius.getmode","radius.getquant","radius.max","radius.min","radius.st.err","radius.length"
"1","128-1",0.726458484628419,0.784313725490196,0.843137254901961,0.882352941176471,1.2156862745098,0.176470588235294,0.020907943023181,81
"2","128-21",0.746732026143791,0.862745098039216,0.92156862745098,0.980392156862745,1.25490196078431,0.176470588235294,0.0289329676016641,84
"3","128-26",0.557971014492754,0.529411764705882,0.529411764705882,0.754901960784314,0.823529411764706,0.254901960784314,0.0201930895498415,46
"4","128-32",0.748249299719888,0.843137254901961,0.843137254901961,0.950980392156863,1.07843137254902,0.196078431372549,0.0311704753326142,56
"5","128-51",0.789803921568627,0.862745098039216,0.92156862745098,0.941176470588235,1,0.254901960784314,0.0399846183420577,25
"6","128-8",0.701894317048853,0.725490196078431,0.725490196078431,0.901960784313726,1.17647058823529,0.176470588235294,0.0239315575835537,59
"7","128-9",0.708823529411765,0.803921568627451,0.882352941176471,0.903921568627451,0.96078431372549,0.196078431372549,0.0246400115466634,80
