"","construct","radius.mean","radius.median","radius.getmode","radius.getquant","radius.max","radius.min","radius.st.err","radius.length"
"1","G123-11_GTA_V",0.774069319640565,0.815789473684211,0.789473684210526,1,1.15789473684211,0.131578947368421,0.036805130099556,41
"2","G123-21_GTT_V",0.725633528265107,0.815789473684211,0.842105263157895,0.921052631578947,1.02631578947368,0.0789473684210526,0.0329730896033144,54
"3","G123-22_ATA_I",0.534688995215311,0.552631578947368,0.605263157894737,0.657894736842105,0.736842105263158,0.236842105263158,0.0181050469057867,44
"4","G123-23_TTA_L",0.715643274853801,0.763157894736842,0.763157894736842,0.907894736842105,1,0.105263157894737,0.0373902921812054,36
"5","G123-26_GCG_A",0.705847953216374,0.736842105263158,0.789473684210526,0.868421052631579,1.05263157894737,0.105263157894737,0.0262397744349041,45
"6","G123-30_AGT_S",0.755735492577598,0.789473684210526,0.710526315789474,0.926315789473684,1,0.105263157894737,0.0297331619152984,39
"7","G123-50_TCC_S",0.766290726817043,0.842105263157895,0.842105263157895,0.997368421052632,1.10526315789474,0.131578947368421,0.0370450426812549,42
"8","G123-53_TCG_S",0.732943469785575,0.815789473684211,0.815789473684211,0.957894736842105,1.05263157894737,0.0789473684210526,0.047001790514392,27
