sample.names,codon,aa,radius.getquant,aaexp,aacount,aafreq,codonfreq,fold,bind,aanorm,site,fill,via
125-1,TGT,C,1.00635593220339,2.59375,32,0.385542168674699,0.144578313253012,1.364656,3.869328,32,125,125,FALSE
125-8,TGC,C,0.595238095238095,2.59375,32,0.385542168674699,0.240963855421687,1.364656,3.869328,32,125,125,FALSE
125-97,GAC,D,NA,2.59375,51,0.614457831325301,0.27710843373494,0,0,51,125,125,FALSE
125-108,GAT,D,NA,2.59375,51,0.614457831325301,0.337349397590361,0,0,51,125,125,FALSE
125,XXX,A,NA,NA,NA,NA,0,1.671311,4.241364,NA,125,NA,TRUE
125,XXX,R,NA,NA,NA,NA,0,3.406639,8.626542,NA,125,NA,TRUE
125,XXX,N,NA,NA,NA,NA,0,1.555628,2.32557,NA,125,NA,TRUE
125,XXX,Q,NA,NA,NA,NA,0,3.193237,3.977525,NA,125,NA,TRUE
125,XXX,E,NA,NA,NA,NA,0,2.554691,1.2846,NA,125,NA,TRUE
125,XXX,G,NA,NA,NA,NA,0,2.014573,4.346749,NA,125,NA,TRUE
125,XXX,H,NA,NA,NA,NA,0,3.061404,4.764293,NA,125,NA,TRUE
125,XXX,I,NA,NA,NA,NA,0,2.225672,4.287533,NA,125,NA,TRUE
125,XXX,L,NA,NA,NA,NA,0,2.579359,4.57837,NA,125,NA,TRUE
125,XXX,K,NA,NA,NA,NA,0,2.66811,6.666682,NA,125,NA,TRUE
125,XXX,M,NA,NA,NA,NA,0,1.34113,4.092483,NA,125,NA,TRUE
125,XXX,F,NA,NA,NA,NA,0,0.698555,5.233081,NA,125,NA,TRUE
125,XXX,P,NA,NA,NA,NA,0,4.416913,4.576932,NA,125,NA,TRUE
125,XXX,S,NA,NA,NA,NA,0,1.328111,3.643954,NA,125,NA,TRUE
125,XXX,T,NA,NA,NA,NA,0,2.292121,3.80746,NA,125,NA,TRUE
125,XXX,W,NA,NA,NA,NA,0,2.625651,5.161536,NA,125,NA,TRUE
125,XXX,Y,NA,NA,NA,NA,0,1.135885,5.443842,NA,125,NA,TRUE
125,XXX,V,NA,NA,NA,NA,0,1.488852,4.194156,NA,125,NA,TRUE
