"","construct","radius.mean","radius.median","radius.getmode","radius.getquant","radius.max","radius.min","radius.st.err","radius.length"
"1","G148N-1",0.190243902439024,0.195121951219512,0.146341463414634,0.307317073170732,0.317073170731707,0.0731707317073171,0.0199429798205633,15
"2","G148N-3",0.190817790530846,0.195121951219512,0.24390243902439,0.268292682926829,0.341463414634146,0.0731707317073171,0.0176520154940664,17
