"","construct","radius.mean","radius.median","radius.getmode","radius.getquant","radius.max","radius.min","radius.st.err","radius.length"
"1","88-39",0.0770254849752758,0.0836820083682008,0.0836820083682008,0.0836820083682008,0.104602510460251,0.0627615062761506,0.00288282599619573,22
"2","88-64",0.0978892150128021,0.0836820083682008,0.0836820083682008,0.125523012552301,0.146443514644351,0.0836820083682008,0.00151288291126441,134
