"","construct","radius.mean","radius.median","radius.getmode","radius.getquant","radius.max","radius.min","radius.st.err","radius.length"
"1","4-59",0.72463768115942,0.826086956521739,0.847826086956522,0.934782608695652,0.978260869565217,0.152173913043478,0.0334542778981198,48
"2","4-68",0.609432571849668,0.717391304347826,0.760869565217391,0.804347826086957,0.847826086956522,0.152173913043478,0.0291526822744889,59
"3","4-9",0.746917585983128,0.826086956521739,0.869565217391304,0.934782608695652,1,0.260869565217391,0.0254770329336929,67
"4","4-91",0.797527706734868,0.847826086956522,0.91304347826087,1,1.04347826086957,0.282608695652174,0.0308910518984595,51
