"","construct","radius.mean","radius.median","radius.getmode","radius.getquant","radius.max","radius.min","radius.st.err","radius.length"
"1","129-39",0.203321434114543,0.211081794195251,0.211081794195251,0.24802110817942,0.29023746701847,0.158311345646438,0.00926380287623259,17
"2","129-81",0.948812664907652,1.00263852242744,1.00263852242744,1.05540897097625,1.08179419525066,0.395778364116095,0.0277350419921774,25
