"","construct","radius.mean","radius.median","radius.getmode","radius.getquant","radius.max","radius.min","radius.st.err","radius.length"
"1","43-100",0.772408963585434,0.852941176470588,0.882352941176471,0.966666666666667,0.980392156862745,0.254901960784314,0.0411314809342775,28
"2","43-32",0.706942236354001,0.843137254901961,0.843137254901961,0.96078431372549,1,0.117647058823529,0.0467251138212128,37
"3","43-33",0.791133844842285,0.862745098039216,0.901960784313726,0.92156862745098,0.980392156862745,0.215686274509804,0.0415050697108298,23
"4","43-4",0.566844919786096,0.666666666666667,0.882352941176471,0.882352941176471,0.882352941176471,0.137254901960784,0.0595254095589534,22
"5","43-44",0.674019607843137,0.754901960784314,0.764705882352941,0.862745098039216,0.901960784313726,0.176470588235294,0.0416583078388246,24
"6","43-6",0.745915032679739,0.823529411764706,0.823529411764706,0.901960784313726,0.941176470588235,0.196078431372549,0.0429209872118866,24
"7","43-65",0.620915032679739,0.803921568627451,0.862745098039216,0.882352941176471,0.92156862745098,0.156862745098039,0.0651490543658799,21
