"","construct","radius.mean","radius.median","radius.getmode","radius.getquant","radius.max","radius.min","radius.st.err","radius.length"
"1","G4S1-3",0.516087516087516,0.540540540540541,0.702702702702703,0.702702702702703,0.783783783783784,0.135135135135135,0.0273516854108482,42
"2","G4S1-4",0.741918388977213,0.810810810810811,0.891891891891892,1,1.13513513513514,0.162162162162162,0.0338018073850327,51
