"","construct","radius.mean","radius.median","radius.getmode","radius.getquant","radius.max","radius.min","radius.st.err","radius.length"
"1","72-15",0.822916666666667,0.891304347826087,1.04347826086957,1.04347826086957,1.06521739130435,0.239130434782609,0.033219618838534,48
"2","72-19",0.73731884057971,0.815217391304348,1,1,1.02173913043478,0.152173913043478,0.0354575362980342,48
"3","72-35",0.740835464620631,0.804347826086957,0.804347826086957,0.934782608695652,1.02173913043478,0.173913043478261,0.0303606644521874,51
"4","72-58",0.395256916996047,0.41304347826087,0.434782608695652,0.497826086956522,0.543478260869565,0.217391304347826,0.0199548363023653,22
"5","72-62",0.720885093167702,0.804347826086957,0.91304347826087,0.967391304347826,1.06521739130435,0.152173913043478,0.0346782418618836,56
