"","construct","radius.mean","radius.median","radius.getmode","radius.getquant","radius.max","radius.min","radius.st.err","radius.length"
"1","G8-2_CAG_Q",0.477075217261013,0.450704225352113,0.394366197183099,0.630985915492958,0.676056338028169,0.197183098591549,0.0175667876542297,47
