"","construct","radius.mean","radius.median","radius.getmode","radius.getquant","radius.max","radius.min","radius.st.err","radius.length"
"1","G125new-1",0.812453942520265,0.879237288135593,0.953389830508474,1.00635593220339,1.1864406779661,0.254237288135593,0.0313223973666423,46
