"","construct","radius.mean","radius.median","radius.getmode","radius.getquant","radius.max","radius.min","radius.st.err","radius.length"
"1","G129Y-1",0.179362880886427,0.184210526315789,0.236842105263158,0.263157894736842,0.368421052631579,0.0789473684210526,0.0114400552754423,38
"2","G129Y-2",0.195983379501385,0.184210526315789,0.210526315789474,0.315789473684211,0.394736842105263,0.0789473684210526,0.0135251352125585,38
