"","construct","radius.mean","radius.median","radius.getmode","radius.getquant","radius.max","radius.min","radius.st.err","radius.length"
"1","88-194",0.725439167208848,0.783018867924528,0.792452830188679,0.886792452830189,0.943396226415094,0.0566037735849057,0.023375596066513,58
"2","88-203",0.704304245283019,0.754716981132076,0.773584905660377,0.9,1.09433962264151,0.0566037735849057,0.0254782648778336,64
