"","construct","radius.mean","radius.median","radius.getmode","radius.getquant","radius.max","radius.min","radius.st.err","radius.length"
"1","G88_K-4",0.322930038510911,0.328947368421053,0.394736842105263,0.427631578947368,0.476973684210526,0.0986842105263158,0.0144822073635572,41
"2","G88_M-2",0.81125533428165,0.855263157894737,0.888157894736842,0.944078947368421,1.01973684210526,0.230263157894737,0.0258571915384373,37
