"","construct","radius.mean","radius.median","radius.getmode","radius.getquant","radius.max","radius.min","radius.st.err","radius.length"
"1","129-120",0.971074380165289,0.990909090909091,0.981818181818182,1.08909090909091,1.10909090909091,0.636363636363636,0.0246809730123202,22
"2","129-99",1.02200956937799,1.01818181818182,1.10909090909091,1.10909090909091,1.18181818181818,0.781818181818182,0.021295300453556,19
