"","construct","radius.mean","radius.median","radius.getmode","radius.getquant","radius.max","radius.min","radius.st.err","radius.length"
"1","G74-17_TCA_S",0.866666666666667,0.877551020408163,0.877551020408163,1.08163265306122,1.26530612244898,0.510204081632653,0.0233671073578381,60
"2","G74-25_AGT_S",0.844201095072175,0.918367346938776,1,1.08163265306122,1.10204081632653,0.244897959183673,0.0354036558653289,41
"3","G74-41_ACG_T",0.659119897959184,0.693877551020408,0.693877551020408,0.86530612244898,1.16326530612245,0.26530612244898,0.0228517611084085,64
"4","G74-45_AGC_S",0.89265306122449,0.897959183673469,0.877551020408163,1.10204081632653,1.3469387755102,0.428571428571429,0.025734111077832,50
